,Path,Label,Note
48,DSC_2711.jpg,1,
49,DSC_2712.jpg,1,
51,DSC_2714.jpg,1,
52,DSC_2715.jpg,1,
53,DSC_2716.jpg,2,
54,DSC_2717.jpg,2,
55,DSC_2718.jpg,2,
56,DSC_2719.jpg,2,
57,DSC_2720.jpg,2,
66,DSC_2729.jpg,2,
67,DSC_2730.jpg,2,
68,IMG_9263.jpg,1,
72,IMG_9311.jpg,2,
73,IMG_9321.jpg,2,
74,IMG_9329.jpg,2,
75,IMG_9330.jpg,2,
76,IMG_9331.jpg,1,
104,IMG_9378.jpg,2,
109,IMG_9386.jpg,2,
115,IMG_9403.jpg,2,
116,IMG_9404.jpg,2,
117,IMG_9405.jpg,2,
118,IMG_9406.jpg,2,
119,IMG_9407.jpg,2,
120,IMG_9408.jpg,2,
121,IMG_9409.jpg,1,
122,IMG_9410.jpg,1,
123,IMG_9414.jpg,1,
124,IMG_9415.jpg,1,
125,IMG_9416.jpg,1,
126,IMG_9417.jpg,1,
127,IMG_9418.jpg,2,
128,IMG_9419.jpg,2,
129,IMG_9420.jpg,2,
130,IMG_9421.jpg,1,
140,IMG_9432.jpg,1,
141,IMG_9433.jpg,1,
143,J003.jpg,2,
144,J004.jpg,2,
145,J014.jpg,1,
146,J013.jpg,2,
147,J015.jpg,2,
148,J016.jpg,2,
149,J017.jpg,1,
150,J030.jpg,2,
151,J033.jpg,2,
152,J036.jpg,2,
